-- MySQL dump 10.13  Distrib 8.3.0, for Linux (x86_64)
--
-- Host: localhost    Database: doremi_db
-- ------------------------------------------------------
-- Server version	8.3.0

/*!40101 SET @OLD_CHARACTER_SET_CLIENT=@@CHARACTER_SET_CLIENT */;
/*!40101 SET @OLD_CHARACTER_SET_RESULTS=@@CHARACTER_SET_RESULTS */;
/*!40101 SET @OLD_COLLATION_CONNECTION=@@COLLATION_CONNECTION */;
/*!50503 SET NAMES utf8mb4 */;
/*!40103 SET @OLD_TIME_ZONE=@@TIME_ZONE */;
/*!40103 SET TIME_ZONE='+00:00' */;
/*!40014 SET @OLD_UNIQUE_CHECKS=@@UNIQUE_CHECKS, UNIQUE_CHECKS=0 */;
/*!40014 SET @OLD_FOREIGN_KEY_CHECKS=@@FOREIGN_KEY_CHECKS, FOREIGN_KEY_CHECKS=0 */;
/*!40101 SET @OLD_SQL_MODE=@@SQL_MODE, SQL_MODE='NO_AUTO_VALUE_ON_ZERO' */;
/*!40111 SET @OLD_SQL_NOTES=@@SQL_NOTES, SQL_NOTES=0 */;

--
-- Table structure for table `categoria`
--

DROP TABLE IF EXISTS `categoria`;
/*!40101 SET @saved_cs_client     = @@character_set_client */;
/*!50503 SET character_set_client = utf8mb4 */;
CREATE TABLE `categoria` (
  `categoria_id` bigint NOT NULL AUTO_INCREMENT,
  `imagen` varchar(255) DEFAULT NULL,
  `nombre` varchar(255) DEFAULT NULL,
  PRIMARY KEY (`categoria_id`)
) ENGINE=InnoDB AUTO_INCREMENT=5 DEFAULT CHARSET=utf8mb4 COLLATE=utf8mb4_0900_ai_ci;
/*!40101 SET character_set_client = @saved_cs_client */;

--
-- Dumping data for table `categoria`
--

LOCK TABLES `categoria` WRITE;
/*!40000 ALTER TABLE `categoria` DISABLE KEYS */;
INSERT INTO `categoria` VALUES (1,'','Cuerdas'),(2,'','Vientos'),(3,'','Teclados'),(4,'','Percusión');
/*!40000 ALTER TABLE `categoria` ENABLE KEYS */;
UNLOCK TABLES;

--
-- Table structure for table `imagen`
--

DROP TABLE IF EXISTS `imagen`;
/*!40101 SET @saved_cs_client     = @@character_set_client */;
/*!50503 SET character_set_client = utf8mb4 */;
CREATE TABLE `imagen` (
  `imagen_id` bigint NOT NULL AUTO_INCREMENT,
  `instrumento_id` bigint DEFAULT NULL,
  `titulo` varchar(255) DEFAULT NULL,
  `url` varchar(255) DEFAULT NULL,
  PRIMARY KEY (`imagen_id`)
) ENGINE=InnoDB AUTO_INCREMENT=228 DEFAULT CHARSET=utf8mb4 COLLATE=utf8mb4_0900_ai_ci;
/*!40101 SET character_set_client = @saved_cs_client */;

--
-- Dumping data for table `imagen`
--

LOCK TABLES `imagen` WRITE;
/*!40000 ALTER TABLE `imagen` DISABLE KEYS */;
INSERT INTO `imagen` VALUES (23,1,'Imagen 1','https://res.cloudinary.com/djgwbcthz/image/upload/imagen_1_1.jpg'),(24,1,'Imagen 2','https://res.cloudinary.com/djgwbcthz/image/upload/imagen_1_2.jpg'),(25,1,'Imagen 3','https://res.cloudinary.com/djgwbcthz/image/upload/imagen_1_3.jpg'),(26,1,'Imagen 4','https://res.cloudinary.com/djgwbcthz/image/upload/imagen_1_4.jpg'),(27,1,'Imagen 5','https://res.cloudinary.com/djgwbcthz/image/upload/imagen_1_5.jpg'),(28,2,'Imagen 1','https://res.cloudinary.com/djgwbcthz/image/upload/imagen_2_1.jpg'),(29,2,'Imagen 2','https://res.cloudinary.com/djgwbcthz/image/upload/imagen_2_2.jpg'),(30,2,'Imagen 3','https://res.cloudinary.com/djgwbcthz/image/upload/imagen_2_3.jpg'),(31,2,'Imagen 4','https://res.cloudinary.com/djgwbcthz/image/upload/imagen_2_4.jpg'),(32,2,'Imagen 5','https://res.cloudinary.com/djgwbcthz/image/upload/imagen_2_5.jpg'),(33,3,'Imagen 1','https://res.cloudinary.com/djgwbcthz/image/upload/imagen_3_1.jpg'),(34,3,'Imagen 2','https://res.cloudinary.com/djgwbcthz/image/upload/imagen_3_2.jpg'),(35,3,'Imagen 3','https://res.cloudinary.com/djgwbcthz/image/upload/imagen_3_3.jpg'),(36,3,'Imagen 4','https://res.cloudinary.com/djgwbcthz/image/upload/imagen_3_4.jpg'),(37,4,'Imagen 1','https://res.cloudinary.com/djgwbcthz/image/upload/imagen_4_1.jpg'),(38,4,'Imagen 2','https://res.cloudinary.com/djgwbcthz/image/upload/imagen_4_2.jpg'),(39,4,'Imagen 3','https://res.cloudinary.com/djgwbcthz/image/upload/imagen_4_3.jpg'),(40,4,'Imagen 4','https://res.cloudinary.com/djgwbcthz/image/upload/imagen_4_4.jpg'),(41,4,'Imagen 5','https://res.cloudinary.com/djgwbcthz/image/upload/imagen_4_5.jpg'),(42,5,'Imagen 1','https://res.cloudinary.com/djgwbcthz/image/upload/imagen_5_1.jpg'),(43,5,'Imagen 2','https://res.cloudinary.com/djgwbcthz/image/upload/imagen_5_2.jpg'),(44,5,'Imagen 3','https://res.cloudinary.com/djgwbcthz/image/upload/imagen_5_3.jpg'),(45,5,'Imagen 4','https://res.cloudinary.com/djgwbcthz/image/upload/imagen_5_4.jpg'),(46,5,'Imagen 5','https://res.cloudinary.com/djgwbcthz/image/upload/imagen_5_5.jpg'),(47,6,'Imagen 1','https://res.cloudinary.com/djgwbcthz/image/upload/imagen_6_1.jpg'),(48,6,'Imagen 2','https://res.cloudinary.com/djgwbcthz/image/upload/imagen_6_2.jpg'),(49,6,'Imagen 3','https://res.cloudinary.com/djgwbcthz/image/upload/imagen_6_3.jpg'),(50,6,'Imagen 4','https://res.cloudinary.com/djgwbcthz/image/upload/imagen_6_4.jpg'),(51,6,'Imagen 5','https://res.cloudinary.com/djgwbcthz/image/upload/imagen_6_5.jpg'),(52,7,'Imagen 1','https://res.cloudinary.com/djgwbcthz/image/upload/imagen_7_1.jpg'),(53,7,'Imagen 2','https://res.cloudinary.com/djgwbcthz/image/upload/imagen_7_2.jpg'),(54,7,'Imagen 3','https://res.cloudinary.com/djgwbcthz/image/upload/imagen_7_3.jpg'),(55,7,'Imagen 4','https://res.cloudinary.com/djgwbcthz/image/upload/imagen_7_4.jpg'),(56,7,'Imagen 5','https://res.cloudinary.com/djgwbcthz/image/upload/imagen_7_5.jpg'),(57,8,'Imagen 1','https://res.cloudinary.com/djgwbcthz/image/upload/imagen_8_1.jpg'),(58,8,'Imagen 2','https://res.cloudinary.com/djgwbcthz/image/upload/imagen_8_2.jpg'),(59,8,'Imagen 3','https://res.cloudinary.com/djgwbcthz/image/upload/imagen_8_3.jpg'),(60,8,'Imagen 4','https://res.cloudinary.com/djgwbcthz/image/upload/imagen_8_4.jpg'),(61,8,'Imagen 5','https://res.cloudinary.com/djgwbcthz/image/upload/imagen_8_5.jpg'),(62,9,'Imagen 1','https://res.cloudinary.com/djgwbcthz/image/upload/imagen_9_1.jpg'),(63,9,'Imagen 2','https://res.cloudinary.com/djgwbcthz/image/upload/imagen_9_2.jpg'),(64,9,'Imagen 3','https://res.cloudinary.com/djgwbcthz/image/upload/imagen_9_3.jpg'),(65,9,'Imagen 4','https://res.cloudinary.com/djgwbcthz/image/upload/imagen_9_4.jpg'),(66,9,'Imagen 5','https://res.cloudinary.com/djgwbcthz/image/upload/imagen_9_5.jpg'),(67,10,'Imagen 1','https://res.cloudinary.com/djgwbcthz/image/upload/imagen_10_1.jpg'),(68,10,'Imagen 2','https://res.cloudinary.com/djgwbcthz/image/upload/imagen_10_2.jpg'),(69,10,'Imagen 3','https://res.cloudinary.com/djgwbcthz/image/upload/imagen_10_3.jpg'),(70,10,'Imagen 4','https://res.cloudinary.com/djgwbcthz/image/upload/imagen_10_4.jpg'),(71,10,'Imagen 5','https://res.cloudinary.com/djgwbcthz/image/upload/imagen_10_5.jpg'),(72,11,'Imagen 1','https://res.cloudinary.com/djgwbcthz/image/upload/imagen_11_1.jpg'),(73,11,'Imagen 2','https://res.cloudinary.com/djgwbcthz/image/upload/imagen_11_2.jpg'),(74,11,'Imagen 3','https://res.cloudinary.com/djgwbcthz/image/upload/imagen_11_3.jpg'),(75,11,'Imagen 4','https://res.cloudinary.com/djgwbcthz/image/upload/imagen_11_4.jpg'),(76,11,'Imagen 5','https://res.cloudinary.com/djgwbcthz/image/upload/imagen_11_5.jpg'),(77,12,'Imagen 1','https://res.cloudinary.com/djgwbcthz/image/upload/imagen_12_1.jpg'),(78,12,'Imagen 2','https://res.cloudinary.com/djgwbcthz/image/upload/imagen_12_2.jpg'),(79,12,'Imagen 3','https://res.cloudinary.com/djgwbcthz/image/upload/imagen_12_3.jpg'),(80,12,'Imagen 4','https://res.cloudinary.com/djgwbcthz/image/upload/imagen_12_4.jpg'),(81,12,'Imagen 5','https://res.cloudinary.com/djgwbcthz/image/upload/imagen_12_5.jpg'),(82,13,'Imagen 1','https://res.cloudinary.com/djgwbcthz/image/upload/imagen_13_1.jpg'),(83,13,'Imagen 2','https://res.cloudinary.com/djgwbcthz/image/upload/imagen_13_2.jpg'),(84,13,'Imagen 3','https://res.cloudinary.com/djgwbcthz/image/upload/imagen_13_3.jpg'),(85,13,'Imagen 4','https://res.cloudinary.com/djgwbcthz/image/upload/imagen_13_4.jpg'),(86,14,'Imagen 1','https://res.cloudinary.com/djgwbcthz/image/upload/imagen_14_1.jpg'),(87,14,'Imagen 2','https://res.cloudinary.com/djgwbcthz/image/upload/imagen_14_2.jpg'),(88,14,'Imagen 3','https://res.cloudinary.com/djgwbcthz/image/upload/imagen_14_3.jpg'),(89,14,'Imagen 4','https://res.cloudinary.com/djgwbcthz/image/upload/imagen_14_4.jpg'),(90,14,'Imagen 5','https://res.cloudinary.com/djgwbcthz/image/upload/imagen_14_5.jpg'),(91,15,'Imagen 1','https://res.cloudinary.com/djgwbcthz/image/upload/imagen_15_1.jpg'),(92,15,'Imagen 2','https://res.cloudinary.com/djgwbcthz/image/upload/imagen_15_2.jpg'),(93,15,'Imagen 3','https://res.cloudinary.com/djgwbcthz/image/upload/imagen_15_3.jpg'),(94,15,'Imagen 4','https://res.cloudinary.com/djgwbcthz/image/upload/imagen_15_4.jpg'),(95,15,'Imagen 5','https://res.cloudinary.com/djgwbcthz/image/upload/imagen_15_5.jpg'),(96,16,'Imagen 1','https://res.cloudinary.com/djgwbcthz/image/upload/imagen_16_1.jpg'),(97,17,'Imagen 1','https://res.cloudinary.com/djgwbcthz/image/upload/imagen_17_1.jpg'),(98,17,'Imagen 2','https://res.cloudinary.com/djgwbcthz/image/upload/imagen_17_2.jpg'),(99,17,'Imagen 3','https://res.cloudinary.com/djgwbcthz/image/upload/imagen_17_3.jpg'),(100,17,'Imagen 4','https://res.cloudinary.com/djgwbcthz/image/upload/imagen_17_4.jpg'),(101,17,'Imagen 5','https://res.cloudinary.com/djgwbcthz/image/upload/imagen_17_5.jpg'),(102,18,'Imagen 1','https://res.cloudinary.com/djgwbcthz/image/upload/imagen_18_1.jpg'),(103,18,'Imagen 2','https://res.cloudinary.com/djgwbcthz/image/upload/imagen_18_2.jpg'),(104,18,'Imagen 3','https://res.cloudinary.com/djgwbcthz/image/upload/imagen_18_3.jpg'),(105,19,'Imagen 1','https://res.cloudinary.com/djgwbcthz/image/upload/imagen_19_1.jpg'),(106,19,'Imagen 2','https://res.cloudinary.com/djgwbcthz/image/upload/imagen_19_2.jpg'),(107,20,'Imagen 1','https://res.cloudinary.com/djgwbcthz/image/upload/imagen_20_1.jpg'),(108,20,'Imagen 2','https://res.cloudinary.com/djgwbcthz/image/upload/imagen_20_2.jpg'),(109,21,'Imagen 1','https://res.cloudinary.com/djgwbcthz/image/upload/imagen_21_1.jpg'),(110,21,'Imagen 2','https://res.cloudinary.com/djgwbcthz/image/upload/imagen_21_2.jpg'),(111,21,'Imagen 3','https://res.cloudinary.com/djgwbcthz/image/upload/imagen_21_3.jpg'),(112,21,'Imagen 4','https://res.cloudinary.com/djgwbcthz/image/upload/imagen_21_4.jpg'),(113,21,'Imagen 5','https://res.cloudinary.com/djgwbcthz/image/upload/imagen_21_5.jpg'),(114,22,'Imagen 1','https://res.cloudinary.com/djgwbcthz/image/upload/imagen_22_1.jpg'),(115,22,'Imagen 2','https://res.cloudinary.com/djgwbcthz/image/upload/imagen_22_2.jpg'),(116,22,'Imagen 3','https://res.cloudinary.com/djgwbcthz/image/upload/imagen_22_3.jpg'),(117,22,'Imagen 4','https://res.cloudinary.com/djgwbcthz/image/upload/imagen_22_4.jpg'),(118,23,'Imagen 1','https://res.cloudinary.com/djgwbcthz/image/upload/imagen_23_1.jpg'),(119,23,'Imagen 2','https://res.cloudinary.com/djgwbcthz/image/upload/imagen_23_2.jpg'),(120,23,'Imagen 3','https://res.cloudinary.com/djgwbcthz/image/upload/imagen_23_3.jpg'),(121,23,'Imagen 4','https://res.cloudinary.com/djgwbcthz/image/upload/imagen_23_4.jpg'),(122,23,'Imagen 5','https://res.cloudinary.com/djgwbcthz/image/upload/imagen_23_5.jpg'),(123,24,'Imagen 1','https://res.cloudinary.com/djgwbcthz/image/upload/imagen_24_1.jpg'),(124,25,'Imagen 1','https://res.cloudinary.com/djgwbcthz/image/upload/imagen_25_1.jpg'),(125,25,'Imagen 2','https://res.cloudinary.com/djgwbcthz/image/upload/imagen_25_2.jpg'),(126,25,'Imagen 3','https://res.cloudinary.com/djgwbcthz/image/upload/imagen_25_3.jpg'),(127,25,'Imagen 4','https://res.cloudinary.com/djgwbcthz/image/upload/imagen_25_4.jpg'),(128,25,'Imagen 5','https://res.cloudinary.com/djgwbcthz/image/upload/imagen_25_5.jpg'),(129,26,'Imagen 1','https://res.cloudinary.com/djgwbcthz/image/upload/imagen_26_1.jpg'),(130,26,'Imagen 2','https://res.cloudinary.com/djgwbcthz/image/upload/imagen_26_2.jpg'),(131,26,'Imagen 3','https://res.cloudinary.com/djgwbcthz/image/upload/imagen_26_3.jpg'),(132,26,'Imagen 4','https://res.cloudinary.com/djgwbcthz/image/upload/imagen_26_4.jpg'),(133,26,'Imagen 5','https://res.cloudinary.com/djgwbcthz/image/upload/imagen_26_5.jpg'),(134,27,'Imagen 1','https://res.cloudinary.com/djgwbcthz/image/upload/imagen_27_1.jpg'),(135,27,'Imagen 2','https://res.cloudinary.com/djgwbcthz/image/upload/imagen_27_2.jpg'),(136,27,'Imagen 3','https://res.cloudinary.com/djgwbcthz/image/upload/imagen_27_3.jpg'),(137,27,'Imagen 4','https://res.cloudinary.com/djgwbcthz/image/upload/imagen_27_4.jpg'),(138,27,'Imagen 5','https://res.cloudinary.com/djgwbcthz/image/upload/imagen_27_5.jpg'),(139,28,'Imagen 1','https://res.cloudinary.com/djgwbcthz/image/upload/imagen_28_1.jpg'),(140,28,'Imagen 2','https://res.cloudinary.com/djgwbcthz/image/upload/imagen_28_2.jpg'),(141,28,'Imagen 3','https://res.cloudinary.com/djgwbcthz/image/upload/imagen_28_3.jpg'),(142,29,'Imagen 1','https://res.cloudinary.com/djgwbcthz/image/upload/imagen_29_1.jpg'),(143,29,'Imagen 2','https://res.cloudinary.com/djgwbcthz/image/upload/imagen_29_2.jpg'),(144,29,'Imagen 3','https://res.cloudinary.com/djgwbcthz/image/upload/imagen_29_3.jpg'),(145,29,'Imagen 4','https://res.cloudinary.com/djgwbcthz/image/upload/imagen_29_4.jpg'),(146,30,'Imagen 1','https://res.cloudinary.com/djgwbcthz/image/upload/imagen_30_1.jpg'),(147,30,'Imagen 2','https://res.cloudinary.com/djgwbcthz/image/upload/imagen_30_2.jpg'),(148,30,'Imagen 3','https://res.cloudinary.com/djgwbcthz/image/upload/imagen_30_3.jpg'),(149,30,'Imagen 4','https://res.cloudinary.com/djgwbcthz/image/upload/imagen_30_4.jpg'),(150,30,'Imagen 5','https://res.cloudinary.com/djgwbcthz/image/upload/imagen_30_5.jpg'),(151,31,'Imagen 1','https://res.cloudinary.com/djgwbcthz/image/upload/imagen_31_1.jpg'),(152,31,'Imagen 2','https://res.cloudinary.com/djgwbcthz/image/upload/imagen_31_2.jpg'),(153,31,'Imagen 3','https://res.cloudinary.com/djgwbcthz/image/upload/imagen_31_3.jpg'),(154,31,'Imagen 4','https://res.cloudinary.com/djgwbcthz/image/upload/imagen_31_4.jpg'),(155,31,'Imagen 5','https://res.cloudinary.com/djgwbcthz/image/upload/imagen_31_5.jpg'),(156,32,'Imagen 1','https://res.cloudinary.com/djgwbcthz/image/upload/imagen_32_1.jpg'),(157,32,'Imagen 2','https://res.cloudinary.com/djgwbcthz/image/upload/imagen_32_2.jpg'),(158,32,'Imagen 3','https://res.cloudinary.com/djgwbcthz/image/upload/imagen_32_3.jpg'),(159,32,'Imagen 4','https://res.cloudinary.com/djgwbcthz/image/upload/imagen_32_4.jpg'),(160,33,'Imagen 1','https://res.cloudinary.com/djgwbcthz/image/upload/imagen_33_1.jpg'),(161,33,'Imagen 2','https://res.cloudinary.com/djgwbcthz/image/upload/imagen_33_2.jpg'),(162,33,'Imagen 3','https://res.cloudinary.com/djgwbcthz/image/upload/imagen_33_3.jpg'),(163,33,'Imagen 4','https://res.cloudinary.com/djgwbcthz/image/upload/imagen_33_4.jpg'),(164,33,'Imagen 5','https://res.cloudinary.com/djgwbcthz/image/upload/imagen_33_5.jpg'),(165,34,'Imagen 1','https://res.cloudinary.com/djgwbcthz/image/upload/imagen_34_1.jpg'),(166,34,'Imagen 2','https://res.cloudinary.com/djgwbcthz/image/upload/imagen_34_2.jpg'),(167,34,'Imagen 3','https://res.cloudinary.com/djgwbcthz/image/upload/imagen_34_3.jpg'),(168,34,'Imagen 4','https://res.cloudinary.com/djgwbcthz/image/upload/imagen_34_4.jpg'),(169,35,'Imagen 1','https://res.cloudinary.com/djgwbcthz/image/upload/imagen_35_1.jpg'),(170,35,'Imagen 2','https://res.cloudinary.com/djgwbcthz/image/upload/imagen_35_2.jpg'),(171,35,'Imagen 3','https://res.cloudinary.com/djgwbcthz/image/upload/imagen_35_3.jpg'),(172,35,'Imagen 4','https://res.cloudinary.com/djgwbcthz/image/upload/imagen_35_4.jpg'),(173,35,'Imagen 5','https://res.cloudinary.com/djgwbcthz/image/upload/imagen_35_5.jpg'),(174,36,'Imagen 1','https://res.cloudinary.com/djgwbcthz/image/upload/imagen_36_1.jpg'),(175,36,'Imagen 2','https://res.cloudinary.com/djgwbcthz/image/upload/imagen_36_2.jpg'),(176,36,'Imagen 3','https://res.cloudinary.com/djgwbcthz/image/upload/imagen_36_3.jpg'),(177,36,'Imagen 4','https://res.cloudinary.com/djgwbcthz/image/upload/imagen_36_4.jpg'),(178,36,'Imagen 5','https://res.cloudinary.com/djgwbcthz/image/upload/imagen_36_5.jpg'),(179,37,'Imagen 1','https://res.cloudinary.com/djgwbcthz/image/upload/imagen_37_1.jpg'),(180,38,'Imagen 1','https://res.cloudinary.com/djgwbcthz/image/upload/imagen_38_1.jpg'),(181,39,'Imagen 1','https://res.cloudinary.com/djgwbcthz/image/upload/imagen_39_1.jpg'),(182,39,'Imagen 2','https://res.cloudinary.com/djgwbcthz/image/upload/imagen_39_2.jpg'),(183,39,'Imagen 3','https://res.cloudinary.com/djgwbcthz/image/upload/imagen_39_3.jpg'),(184,39,'Imagen 4','https://res.cloudinary.com/djgwbcthz/image/upload/imagen_39_4.jpg'),(185,39,'Imagen 5','https://res.cloudinary.com/djgwbcthz/image/upload/imagen_39_5.jpg'),(186,40,'Imagen 1','https://res.cloudinary.com/djgwbcthz/image/upload/imagen_40_1.jpg'),(187,40,'Imagen 2','https://res.cloudinary.com/djgwbcthz/image/upload/imagen_40_2.jpg'),(188,40,'Imagen 3','https://res.cloudinary.com/djgwbcthz/image/upload/imagen_40_3.jpg'),(189,40,'Imagen 4','https://res.cloudinary.com/djgwbcthz/image/upload/imagen_40_4.jpg'),(190,41,'Imagen 1','https://res.cloudinary.com/djgwbcthz/image/upload/imagen_41_1.jpg'),(191,41,'Imagen 2','https://res.cloudinary.com/djgwbcthz/image/upload/imagen_41_2.jpg'),(192,41,'Imagen 3','https://res.cloudinary.com/djgwbcthz/image/upload/imagen_41_3.jpg'),(193,42,'Imagen 1','https://res.cloudinary.com/djgwbcthz/image/upload/imagen_42_1.jpg'),(194,42,'Imagen 2','https://res.cloudinary.com/djgwbcthz/image/upload/imagen_42_2.jpg'),(195,42,'Imagen 3','https://res.cloudinary.com/djgwbcthz/image/upload/imagen_42_3.jpg'),(196,43,'Imagen 1','https://res.cloudinary.com/djgwbcthz/image/upload/imagen_43_1.jpg'),(197,43,'Imagen 2','https://res.cloudinary.com/djgwbcthz/image/upload/imagen_43_2.jpg'),(198,43,'Imagen 3','https://res.cloudinary.com/djgwbcthz/image/upload/imagen_43_3.jpg'),(199,43,'Imagen 4','https://res.cloudinary.com/djgwbcthz/image/upload/imagen_43_4.jpg'),(200,43,'Imagen 5','https://res.cloudinary.com/djgwbcthz/image/upload/imagen_43_5.jpg'),(201,44,'Imagen 1','https://res.cloudinary.com/djgwbcthz/image/upload/imagen_44_1.jpg'),(202,44,'Imagen 2','https://res.cloudinary.com/djgwbcthz/image/upload/imagen_44_2.jpg'),(203,44,'Imagen 3','https://res.cloudinary.com/djgwbcthz/image/upload/imagen_44_3.jpg'),(204,44,'Imagen 4','https://res.cloudinary.com/djgwbcthz/image/upload/imagen_44_4.jpg'),(205,45,'Imagen 1','https://res.cloudinary.com/djgwbcthz/image/upload/imagen_45_1.jpg'),(206,45,'Imagen 2','https://res.cloudinary.com/djgwbcthz/image/upload/imagen_45_2.jpg'),(207,45,'Imagen 3','https://res.cloudinary.com/djgwbcthz/image/upload/imagen_45_3.jpg'),(208,45,'Imagen 4','https://res.cloudinary.com/djgwbcthz/image/upload/imagen_45_4.jpg'),(209,45,'Imagen 5','https://res.cloudinary.com/djgwbcthz/image/upload/imagen_45_5.jpg'),(210,46,'Imagen 1','https://res.cloudinary.com/djgwbcthz/image/upload/imagen_46_1.jpg'),(211,46,'Imagen 2','https://res.cloudinary.com/djgwbcthz/image/upload/imagen_46_2.jpg'),(212,46,'Imagen 3','https://res.cloudinary.com/djgwbcthz/image/upload/imagen_46_3.jpg'),(213,46,'Imagen 4','https://res.cloudinary.com/djgwbcthz/image/upload/imagen_46_4.jpg'),(214,47,'Imagen 1','https://res.cloudinary.com/djgwbcthz/image/upload/imagen_47_1.jpg'),(215,47,'Imagen 2','https://res.cloudinary.com/djgwbcthz/image/upload/imagen_47_2.jpg'),(216,47,'Imagen 3','https://res.cloudinary.com/djgwbcthz/image/upload/imagen_47_3.jpg'),(217,48,'Imagen 1','https://res.cloudinary.com/djgwbcthz/image/upload/imagen_48_1.jpg'),(218,48,'Imagen 2','https://res.cloudinary.com/djgwbcthz/image/upload/imagen_48_2.jpg'),(219,48,'Imagen 3','https://res.cloudinary.com/djgwbcthz/image/upload/imagen_48_3.jpg'),(220,48,'Imagen 4','https://res.cloudinary.com/djgwbcthz/image/upload/imagen_48_4.jpg'),(221,48,'Imagen 5','https://res.cloudinary.com/djgwbcthz/image/upload/imagen_48_5.jpg'),(222,49,'Imagen 1','https://res.cloudinary.com/djgwbcthz/image/upload/imagen_49_1.jpg'),(223,49,'Imagen 2','https://res.cloudinary.com/djgwbcthz/image/upload/imagen_49_2.jpg'),(224,49,'Imagen 3','https://res.cloudinary.com/djgwbcthz/image/upload/imagen_49_3.jpg'),(225,49,'Imagen 4','https://res.cloudinary.com/djgwbcthz/image/upload/imagen_49_4.jpg'),(226,49,'Imagen 5','https://res.cloudinary.com/djgwbcthz/image/upload/imagen_49_5.jpg'),(227,50,'Imagen 1','https://res.cloudinary.com/djgwbcthz/image/upload/imagen_50_1.jpg');
/*!40000 ALTER TABLE `imagen` ENABLE KEYS */;
UNLOCK TABLES;

--
-- Table structure for table `instrumento`
--

DROP TABLE IF EXISTS `instrumento`;
/*!40101 SET @saved_cs_client     = @@character_set_client */;
/*!50503 SET character_set_client = utf8mb4 */;
CREATE TABLE `instrumento` (
  `instrumento_id` bigint NOT NULL AUTO_INCREMENT,
  `descripcion` varchar(255) DEFAULT NULL,
  `nombre` varchar(255) DEFAULT NULL,
  `precio_dia` double NOT NULL,
  `categoria_id` bigint DEFAULT NULL,
  PRIMARY KEY (`instrumento_id`),
  KEY `FKipyofytm43se6wp3cyan1rlwk` (`categoria_id`),
  CONSTRAINT `FKipyofytm43se6wp3cyan1rlwk` FOREIGN KEY (`categoria_id`) REFERENCES `categoria` (`categoria_id`)
) ENGINE=InnoDB AUTO_INCREMENT=51 DEFAULT CHARSET=utf8mb4 COLLATE=utf8mb4_0900_ai_ci;
/*!40101 SET character_set_client = @saved_cs_client */;

--
-- Dumping data for table `instrumento`
--

LOCK TABLES `instrumento` WRITE;
/*!40000 ALTER TABLE `instrumento` DISABLE KEYS */;
INSERT INTO `instrumento` VALUES (1,'Marca: Raktors, Es acústico: Sí, Condición del ítem: Nuevo, Cantidad de teclas: 17, Modelo: Kalimba','Kalimba De 17 Teclas, Instrumento Musical Raktors Unico',205.01,3),(2,'Marca: Guane, Condición del ítem: Nuevo, Modelo: Guane electroacústica','Guitarra Electroacústica Cuerdas De Nylon,forro,método,pua',91.63,1),(3,'Marca: Yamaha, Color: Blanco, Motivo de GTIN vacío: El producto no tiene código registrado, Tipo de digitación: Alemana, Tipo de flauta: Dulce','Flauta Dulce Yamaha Escolar Yrs23 Soprano Escuela Colegios Color Blanco Marfill',155.6,2),(4,'Marca: A-M, Altura: 0.02 m, Incluye estuche: Sí, Es acústico: Sí, Condición del ítem: Nuevo','Kalimba Africana De 17 Teclas Instrumento Musical ',216.05,3),(5,'Material: Tilo, Accesorios incluidos: Púas,Correa, Marca: Femmto, Color: Blanco, Acabado: Brillante','Ukelele Femmto Soprano En Tilo Con Funda Y Cuerdas Extras Color Blanco',100.06,1),(6,'Marca: Tienda PlusMart, Incluye estuche: None, Es acústico: Sí, Condición del ítem: Nuevo, Cantidad de teclas: 17','Kalimba De 17 Teclas Instrumento Musical Acústico Profesiona',205.2,3),(7,'Marca: A-M, Condición del ítem: Nuevo, Material: Aluminio, Modelo: A-MM, Características del producto: Sin vencimiento',' Kazoo Metalico Instrumento Musical ',197.84,3),(8,'Marca: Persian, Código universal de producto: None, Condición del ítem: Nuevo, Modelo: None','Banjo 5 Cuerdas Persian + Estuche Y Encordado Adicional',95.41,1),(9,'Marca: A-M, Incluye estuche: None, Es acústico: Sí, Condición del ítem: Nuevo, Cantidad de teclas: 8','Kalimba De 8 Notas Instrumento Musical Mini Kalimba ',193.62,3),(10,'Material: Tilo, Accesorios incluidos: Púas,Correa, Marca: Femmto, Color: Rojo, Acabado: Brillante','Ukelele Femmto Soprano En Tilo Con Funda Y Cuerdas Extras Color Rojo',106.86,1),(11,'Color: Negro, Marca: Viper, Condición del ítem: Nuevo, Modelo: MS01','Atril Para Partituras Totalmente Plegable Liviano',98.06,1),(12,'Marca: Rivero Diseño., Profundidad: None, Código universal de producto: None, Altura: 4.5 cm, Incluye baqueta: No','Campana De Mano En Bronce. Instrumento Musical, Equilibrio',225.88,4),(13,'Acabado del cuerpo: Brillante, Forma del cuerpo: Redonda o Boquete, Material de la tapa: Cedro Macizo, Marca: Musicales Bucaramanga, Código universal de producto: 978020137962','Guitarra Elctroacustica + Forro + Personalizada Con Nombre',99.75,1),(14,'Tipo de acordeón: Cromático de botones, Edad: Niños, Cantidad de bajos: None, Acabado del cuerpo: Brillante, Marca: Genérica','Acordeón Vallenato Para Niños Musical Sonido Real En Colores',140.6,2),(15,'Marca: Tienda PlusMart, Es acústico: Sí, Condición del ítem: Nuevo, Cantidad de teclas: 8, Modelo: Mini Kalimba Music','Mini Kalimba 8 Teclas Instrumento Musical Acústico Regalo',194.58,3),(16,'Marca: Yamaha, Código universal de producto: 086792277592, Condición del ítem: Nuevo, Modelo: PA3C, Voltaje de salida del cargador para teclado musical: None','Adaptador De Corriente Yamaha Pa-3c',212.03,3),(17,'Marca: None, Código universal de producto: None, Condición del ítem: Nuevo, Modelo: 08-GT, Altura del paquete: 2.6 cm','Apoya Pie Para Guitarra 08-gt ',94.55,1),(18,'Marca: A-M, Código universal de producto: None, Condición del ítem: Nuevo, Modelo: GPJ-01','Patas De Goma Para Tambor Caucho Para Base De Bateria ',256.95,4),(19,'Marca: A-CORDE, Condición del ítem: Nuevo, Modelo: CP070 - CP050, Características del producto: Sin vencimiento, Embalaje del envío: Bolsa','Capodastro/capo Para Guitarra Económico A-corde',103.5,1),(20,'Marca: FL Studio, Condición del ítem: Nuevo, Modelo: 21','Fl Studio 21',232.11,4),(21,'Marca: PROINSTRUMENT, Incluye estuche: Sí, Es acústico: Sí, Condición del ítem: Nuevo, Cantidad de teclas: 17','Kalimba De 17 Teclas, Instrumento Musical Unico',216.42,3),(22,'Marca: JDR Musical Instruments, Tipo de armónica: Diatónica, Cantidad de agujeros: 24, Condición del ítem: Nuevo, Modelo: JDR-24','Armónica Jdr Profesional De 24 Huecos Dobles Negra.',161.19,2),(23,'Acabado del cuerpo: Brillante o Mate, Forma del cuerpo: Classic, Material de la tapa: Cedro, Marca: Musicales Bucaramanga, Código universal de producto: 9452533888647','Guitarra Electroacustica Con Microfono Activo De 4 Bandas ',103.87,1),(24,'Marca: Ortizo Instrumentos Musicales, Condición del ítem: Nuevo, Modelo: ACCENT FUSE 5PC, SKU: PB4022','Bateria Accent Fuse 5pc Silver Lc19015dir',264.7,4),(25,'Características de las baterías: De litio instaladas, Marca: Lekato, Código universal de producto: None, Condición del ítem: Nuevo, Modelo: WS-100','Transmisor Receptor Inalámbrico Guitarra Lekato Recargable',98.83,1),(26,'Marca: Joyo, Condición del ítem: Nuevo, Modelo: JCP-01','Capodastro Capo Para Guitarra Profesional Joyo Envio Gratis',92.53,1),(27,'Marca: A-M, Código universal de producto: 818262095449, Condición del ítem: Nuevo, Modelo: CJT-01','Punta De Goma Para Violonchelo Caucho Protector Para Pivot ',96.16,1),(28,'Marca: BG France, Condición del ítem: Nuevo, Modelo: CFE','Cordel Correa Flex Elastica Bg France Clarinete Sib',159.17,2),(29,'Marca: Mazugi, Diseño: VIENTO Y PERCUSION, Diámetro: 25 cm, Material del mango: Plástico, Código universal de producto: 069277652114','Instrumentos Musicales Para La Novena Navideña Tambor Juguet',252.18,4),(30,'Marca: A-M, Código universal de producto: 747216634765, Condición del ítem: Nuevo, Modelo: V-GA305','Limpiador De Instrumentos De Cuerda Guitarras Bajo Importado',93.2,1),(31,'Es electroacústica: No, Acabado del cuerpo: Laqueado, Forma del cuerpo: Con boquete, Material de la tapa: Cedro, Marca: Musicales Bucaramanga','Guitarra Acustica 3/4 Ideal Para Niños De 7 ',107.54,1),(32,'Marca: A-M, Incluye raspador: Sí, Condición del ítem: Nuevo, Material: Acero, Modelo: METALIC','Guacharaca Guiro Metalico Instrumento Musical Importado',241.77,4),(33,'Material: Tilo, Accesorios incluidos: Púas,Correa, Marca: Femmto, Acabado: Brillante, Largo del diapasón: 35 cm','Ukelele Femmto Soprano En Tilo Con Funda Y Cuerdas Extras',108.11,1),(34,'Marca: A-M, Condición del ítem: Nuevo, Modelo: PWM','Pin De Correa Para Guitarra Acústica O Eléctrica ',107.9,1),(35,'Marca: Miwayer, Incluye estuche: Sí, Es acústico: Sí, Condición del ítem: Nuevo, Cantidad de teclas: 17','Kalimba Instrumento Musical 17 Teclas Madera Caoba Con Funda',185.99,3),(36,'Marca: Accesorios para guitarra, Condición del ítem: Nuevo, SKU: 2000','Protector De Dedos Para Guitarra Bajo Ukelele Arpa Talla L',105.18,1),(37,'Marca: Dunlop, Condición del ítem: Nuevo, Modelo: Formula 65','Limpiador Para Guitarra Bajo Dunlop Formula 654',92.2,1),(38,'Marca: Tempo, Condición del ítem: Nuevo, Modelo: S2F','Atril Base Para Redoblante De Bateria Robusta S2f Tempo',95.46,1),(39,'Es electroacústica: No, Disponibilidad de stock: 1 días, Acabado del cuerpo: Laqueado, Forma del cuerpo: Standard 4/4, Material de la tapa: Cedro','Guitarra Acústica Forro Correa Instalada Pics Antiragueo ',90.69,1),(40,'Marca: Snowpine, Condición del ítem: Nuevo, Modelo: ROSIN','Colofonia Resina Rosin Pez Calidad Arco Violin Viola Chelo ',97.06,1),(41,'Marca: J&B, Condición del ítem: Nuevo, Modelo: ESPECIAL PARA BANDA','Correa Charol Redoblante,tambora,caja,ganadera Banda Marcial',227.32,4),(42,'Marca: Bee Harmonica, Código universal de producto: 6927793652114, Tipo de armónica: Cromática, Cantidad de agujeros: 24, Condición del ítem: Nuevo','Armónica 24 Holes Instrumento Musical Dulzaina Niños Adultos',147.25,2),(43,'Marca: Musicales Bucaramanga, Código universal de producto: 0951024427703, Condición del ítem: Nuevo, Modelo: Linea de Estudio Electroacústica','Guitarra Electroacústica Personalizada Con Nombre Y Forro',103.23,1),(44,'Marca: J&B, Condición del ítem: Nuevo, Modelo: ESPECIAL PARA BANDA','Correa Charol Lira Banda Marcial',94.98,1),(45,'Marca: Summina, Código universal de producto: None, Condición del ítem: Nuevo, Modelo: Recargable, Altura del paquete: 5 cm','Transmisor Receptor Guitarra Bajo Sistema Inalámbrico Recarg',95.22,1),(46,'Marca: D\'Addario, Código universal de producto: 019954957773, Condición del ítem: Nuevo, Modelo: PW-VG01, SKU: PW-VG 01','Ejercicio De Mano Varigrip D´addario - Pw-vg01',101.15,1),(47,'Marca: Tartaruga, Condición del ítem: Nuevo, Modelo: Modelo C, SKU: 50000157','Clutch Para Platillos Hi Hats Tartaruga Modelo C',236.29,4),(48,'Características de las baterías: De litio instaladas, Marca: Aklot, Condición del ítem: Nuevo, Modelo: ATX-01, Características del producto: Sin vencimiento','Transmisor Y Receptor Guitarra Bajo Sistema Inalambrico 30mt',90.1,1),(49,'Marca: Accesorios para guitarra, Condición del ítem: Nuevo, SKU: 1999','Protector De Dedos Para Guitarra Bajo Ukelele Arpa Talla M',97.06,1),(50,'Marca: LA ERA AZUL, Condición del ítem: Nuevo, Modelo: TFS-512N, SKU: TFS-512N','Diapason 512 Hz',104.98,1);
/*!40000 ALTER TABLE `instrumento` ENABLE KEYS */;
UNLOCK TABLES;
/*!40103 SET TIME_ZONE=@OLD_TIME_ZONE */;

/*!40101 SET SQL_MODE=@OLD_SQL_MODE */;
/*!40014 SET FOREIGN_KEY_CHECKS=@OLD_FOREIGN_KEY_CHECKS */;
/*!40014 SET UNIQUE_CHECKS=@OLD_UNIQUE_CHECKS */;
/*!40101 SET CHARACTER_SET_CLIENT=@OLD_CHARACTER_SET_CLIENT */;
/*!40101 SET CHARACTER_SET_RESULTS=@OLD_CHARACTER_SET_RESULTS */;
/*!40101 SET COLLATION_CONNECTION=@OLD_COLLATION_CONNECTION */;
/*!40111 SET SQL_NOTES=@OLD_SQL_NOTES */;

-- Dump completed on 2024-03-08 16:19:25
